[
  {
    "Guid": "6caf91d8-7652-4a44-8f9d-d04cd9efefd2",
    "Name": "ChangeFormFieldValue",
    "Description": "",
    "Assembly": "CustomAction",
    "Class": "CustomAction.ChangeFormFieldValue",
    "Type": "CustomAction"
  }
  //{
  //  "Guid": "10356cc1-b08f-4300-ab35-b529ee6d1f54",
  //  "Name": "Sample standard action",
  //  "Description": "",
  //  "Assembly": "CustomAction",
  //  "Class": "CustomAction.CustomActions.StandardActionSample",
  //  "Type": "CustomAction"
  //},
  //{
  //  "Guid": "74b49ce8-e714-4cf0-8d53-7d38f9195ad9",
  //  "Name": "Sample business rule",
  //  "Description": "",
  //  "Assembly": "CustomAction",
  //  "Class": "CustomAction.CustomBusinessRules.BusinessRuleSample",
  //  "Type": "CustomBusinessRule"
  //},
  //{
  //  "Guid": "c8824e97-e04a-48e8-a5b8-2fe942943810",
  //  "Name": "Sample data source",
  //  "Description": "",
  //  "Assembly": "CustomAction",
  //  "Class": "CustomAction.CustomDataSources.DataSourceSample",
  //  "Type": "CustomDataSource"
  //},
  //{
  //  "Guid": "6b8cc0b0-d98f-4dd0-aa24-3f8e9c730b7d",
  //  "Name": "Sample label template",
  //  "Description": "",
  //  "Assembly": "CustomAction",
  //  "Class": "CustomAction.CustomLabelTemplates.LabelTemplateSample",
  //  "Type": "CustomLabelPrint"
  //},
  //{
  //  "Guid": "cba5805b-768c-4de4-8ea0-c408ed1d752c",
  //  "Name": "Sample form field extension without logic",
  //  "Description": "SharePoint form field control without defined TValue, and without logic class",
  //  "Type": "FormFieldExtension"
  //},
]